{"kCxPzFQJZnfPP+sw6L+A/g==":"whatsapp%20image%202021-04-15%20at%2010.54.02-717x440.jpg","4aQoVEACy2iZjsubLjtg8A==":"whatsapp%20image%202021-04-15%20at%2010.54.03-719x749.jpg","M7c7zJGDUHhrkIjGjod7nA==":"mbr-favicon.png","MLo+Hf/B4bLHAWTgUcCJ8w==":"mbr-1-1920x1280.jpg","/LtfUlDvktirCg/DKkBj8w==":"20201030174129_img_3382-1-1366x2048.jpg","enEKLtP4srJrrE2W7AvfpA==":"20210314174847_img_8062-1-1366x2048.jpg","oDAfvPQRjGMB1qXMikuv7A==":"picsart_04-15-11.58.58-1366x2048.jpg","MB1NtjCeznKYzJojyAKg2Q==":"img_6204-1-1366x2048.jpg","IPGhOd8jpr7KEPyVo/3nqQ==":"img_6962-01-1-1366x2048.jpg","1hCKIxdNC4QwqRnT6FszQA==":"whatsapp_image_2021-05-05_at_10.19.15-removebg-preview%20(1)-80x79.png","y74eq8kCtQUdm2R4Ri3NDA==":"img_20200219-201156-815x1087.jpg","WmXx04nuvgZvBbhVKWdi+w==":"img_20210222-133723-815x1449.jpg","hLpJIYReUpOc9XrGW0nr4Q==":"img_20191219-171457-815x1087.jpg","jJBsllRGtxqQdFaYYVD4hQ==":"img_20201103-171058-815x1449.jpg","EN0ymANx9N7O5u58FVo4tQ==":"mbr-1920x1188.jpg","aHp7HSi44ZPATb5JITm7zA==":"mbr-1920x1276.jpg","57BCm+YBoMq2tgAHokx1Dw==":"mbr-1920x1281.jpg","cA6XYELVnh+LMwDOESS3wQ==":"mbr-1440x1920.jpg","Ol3vqWKJqwyj+f6WKPFpfA==":"img-20201221-wa0012-1080x810.jpg","a392CQmmgFkxCVqHeAuzqw==":"img-20201221-wa0014-1080x492.jpg","StnYSM8aiwg+bFz5v86nTw==":"img-20201221-wa0018-1280x588.jpg","TR1TlyA2htup5UTgUiUZTw==":"img-20201221-wa0029-1024x768.jpg","yeHYGPNi40iDNIr4eXqbow==":"img20210507131232-1-1080x609.jpg","zI8aKO7mdK9wjZA+aWAb8A==":"img-20201221-wa0022-1280x588.jpg","zHJ4ZrbajI6GwAIrq7F68w==":"img-20201221-wa0012-1076x807.jpg","OFAATWIRLi9sVI8L7YICag==":"img-20201221-wa0004-588x1280.jpg","U5jZawzU07mOYecJA/W2bA==":"img-20201221-wa0005-588x1280.jpg","HR2ciqkHSFkxcJRNKNh7kg==":"img-20201221-wa0006-588x1280.jpg","uTINCJKpb0QcTHx7V9Z9Sg==":"img-20201221-wa0017-815x1087.jpg","5OcDrkdjEkS3qgxkDQV+Hg==":"img20210508155945-815x1445.jpg","/vSTkzGpQwRJkbbGNyXJRA==":"img-20201221-wa0023-588x1280.jpg","O6MpIXHYIKiiCcgtk3CBHA==":"img20210507131238-1-815x1445.jpg","kpnHKWoudbCyNZLiq8b1dQ==":"img-20201221-wa0021-588x1280.jpg","lE/Go+amr7Wdqk0h+8AgAQ==":"whatsapp%20image%202021-02-19%20at%201.14.18%20pm-1076x1272.jpg","SFqDj87QU8KiTwTU7E4WBA==":"whatsapp%20image%202021-05-11%20at%2015.06.41%20-%20copy-587x593.jpg","YMzPDn9DyHhr7D+ZNIgwmw==":"whatsapp%20image%202021-02-19%20at%201.14.18%20pm-1076x1272.jpeg","CYNUjIeDLGy9NmNLg7wwOQ==":"whatsapp%20image%202021-02-19%20at%201.14.18%20pm-1080x1276.jpg","y0ly/fL0oTaD7fVKMbTS5g==":"whatsapp%20image%202021-05-15%20at%2011.56.00-948x1280.jpg","1CKGmEb3OvgnA0z9Xgtnyg==":"img_9770%20(1)%20(1)-1080x810.jpg","Rko/CeCngxxnVzHWzza4fw==":"img_9770%20(1)%20(1)-587x440.jpg","P8gS3u+LmGSEtj73RHtOUQ==":"mbr-1920x1280.jpg","x2nPfJvJWS7GjPUF79jrrQ==":"mbr-2-1920x1280.jpg","+IEyQfKLP7uYqRL7p3rwpA==":"tuxpi.com.1621067580-189x185.jpg","hnG1lZpDBj/er/kErA7frw==":"tuxpi.com.1621067580-removebg-preview-261x255.png","HVi8nxjNe6Ic4H1IdDMMFg==":"tuxpi.com.1621067580-removebg-preview%20(1)-262x256.png","MzOBrzCrM2nsFn/YiCgTfw==":"whatsapp%20image%202021-05-11%20at%2015.06.42%20-%20copy-586x440.jpg","vgyea6aU44ta9JoiOOLhPQ==":"whatsapp%20image%202021-05-11%20at%2015.06.42-586x377.jpg","43RsCAd3hCqLd/alozulzA==":"whatsapp%20image%202021-05-11%20at%2015.06.41-588x1280.jpg","A0Y/VVKdWCd7Y/mL+gIBIA==":"whatsapp%20image%202021-05-11%20at%2015.06.42%20-%20copy%20(2)-587x1280.jpg","m4QUJGrqq3xoQ6N9n5YU0w==":"whatsapp%20image%202021-05-11%20at%2015.06.42-587x378.jpg"}